{
  "Order": [
    {
"Status": "Cancelled",
      "PersonInfoBillTo": {
        "ZipCode": "H2Y4A5"
      },
      "OrderLines": {
        "OrderLine": [
          {
            "Item": {
              "ItemID": "item1",
              "ShortDescription": "Mr. Whippy Molded Bra"
            },
            "MinLineStatusDesc": "Cancelled",
            "MaxLineStatusDesc": "Cancelled",
            "OrderStatuses": {
              "OrderStatus": [
                {
                  "Status": "9000",
                  "StatusDate": "2022-01-04T19:47:36+00:00",
                  "StatusDescription": "Cancelled",
                  "StatusQty": "1"
                }
              ]
            },
            "MinLineStatus": "9000",
            "MaxLineStatus": "9000",
            "OrderLineKey": "20220104073938153329011"
          }
        ]
      },
      "DocumentType": "0001",
      "OrderNo": "3101332066",
      "EnterpriseCode": "BAY",
      "OrderDate": "2022-12-19T22:08:09+00:00"
    },
    {
      "Status": "Cancelled",
      "PersonInfoBillTo": {
        "ZipCode": "H2Y4A5"
      },
      "OrderLines": {
        "OrderLine": [
          {
            "Item": {
              "ItemID": "item2",
              "ShortDescription": "Mr. Whippy Molded Bra"
            },
            "MinLineStatusDesc": "Cancelled",
            "MaxLineStatusDesc": "Cancelled",
            "OrderStatuses": {
              "OrderStatus": [
                {
                  "Status": "9000",
                  "StatusDate": "2022-01-04T19:47:37+00:00",
                  "StatusDescription": "Cancelled",
                  "StatusQty": "1"
                }
              ]
            },
            "MinLineStatus": "9000",
            "MaxLineStatus": "9000",
            "OrderLineKey": "20220104074017153329481"
          }
        ]
      },
      "DocumentType": "0001",
      "OrderNo": "3101332067",
      "EnterpriseCode": "BAY",
      "OrderDate": "2022-12-19T22:08:09+00:00"
    }
    ],
    "TotalOrderList": "10"
    }