{
   "EntryType":"Online",
   "Containers":{
      
   },
   "OrderDate":"2018-01-10T12:58:57-05:00",
   "SellerOrganizationCode":"LT",
   "Promotions":{
      
   },
   "PaymentMethods":{
      "PaymentMethod":[
         {
            "PaymentType":"PAYPAL_LT",
            "PaymentReference1":"O-0HH00233NV4751718",
            "TotalCharged":"0.00",
            "TotalRefundedAmount":"0.00",
            "RequestedChargeAmount":"0.00",
            "CreditCardType":"PAYPAL",
            "PersonInfoBillTo":{
               "EMailID":"slim@slarmusch.com",
               "State":"NY",
               "FirstName":"hbcoccc",
               "LastName":"Franz",
               "DayPhone":"408-535-1413",
               "Country":"US",
               "ZipCode":"10019",
               "AddressLine1":"123 main st",
               "City":"new york",
               "AddressLine2":"",
               "AddressLine3":""
            },
            "TotalAuthorized":"123.51"
         }
      ]
   },
   "HeaderTaxes":{
      
   },
   "Status":"Created",
   "BillToID":"slim@slarmusch.com",
   "PriceInfo":{
      "TotalAmount":"123.51",
      "Currency":"USD"
   },
   "OrderNo":"100146910",
   "OverallTotals":{
      "HdrTotal":"0.00",
      "GrandTax":"8.51",
      "LineSubTotal":"108.00",
      "HdrCharges":"0.00",
      "GrandCharges":"7.00",
      "HdrTax":"0.00",
      "HdrDiscount":"0.00",
      "GrandTotal":"123.51",
      "GrandDiscount":"0.00"
   },
   "EnterpriseCode":"LT",
   "OrderLines":{
      "OrderLine":[
         {
            "SCAC":"FEDX",
            "LinePriceInfo":{
               "ListPrice":"18.00",
               "UnitPrice":"18.00",
               "RetailPrice":"18.00"
            },
            "LineCharges":{
               "LineCharge":[
                  {
                     "ChargeAmount":"2.80",
                     "ChargeName":"SHIPPINGCHARGE",
                     "ChargeCategory":"SHIPPINGCHARGE",
                     "ChargePerUnit":"2.80",
                     "ChargePerLine":"0.00"
                  }
               ]
            },
            "ItemDetails":{
               "ItemID":"16162661",
               "AdditionalAttributeList":{
                  "AdditionalAttribute":[
                     {
                        "Name":"Color",
                        "Value":"NO COLOR"
                     },
                     {
                        "Name":"Size",
                        "Value":"8.4 OZ."
                     }
                  ]
               },
               "ClassificationCodes":{
                  "Model":"0500016162687"
               },
               "PrimaryInformation":{
                  "ShortDescription":"Blue Astringent Herbal Lotion",
                  "ManufacturerName":"Kiehl's Since 1851",
                  "ImageID":"3700194721602_main",
                  "ImageLocation":"http://s7d9.scene7.com/is/image/LordandTaylor/"
               }
            },
            "Extn":{
               "ExtnSignatureRequired":"N"
            },
            "OrderedQty":"1",
            "OrderStatuses":{
               "OrderStatus":[
                  {
                     "TotalQuantity":"1",
                     "Status":"1100",
                     "OrderHeaderKey":"2018011014043086182267",
                     "StatusDate":"2018-01-10T14:04:31-05:00",
                     "Details":{
                        "ExpectedDeliveryDate":"2018-01-10T14:04:31-05:00"
                     },
                     "StatusDescription":"Created",
                     "StatusQty":"1"
                  }
               ]
            },
            "PersonInfoShipTo":{
               "State":"NY",
               "FirstName":"Aish",
               "LastName":"Rai",
               "Country":"US",
               "ZipCode":"10017",
               "AddressLine1":"12 East 49th Street",
               "City":"New York",
               "AddressLine2":"",
               "AddressLine3":""
            },
            "LineTaxes":{
               "LineTax":[
                  {
                     "ChargeName":"PRICE",
                     "ChargeCategory":"PRICE",
                     "Tax":"1.60",
                     "TaxName":"General Sales and Use Tax"
                  },
                  {
                     "ChargeName":"SHIPPINGCHARGE",
                     "ChargeCategory":"SHIPPINGCHARGE",
                     "Tax":"0.25",
                     "TaxName":"General Sales and Use Tax"
                  }
               ]
            },
            "CarrierServiceCode":"ShopRunner",
            "Status":"Created",
            "Item":{
               "ItemID":"16162661"
            },
            "OrderLineKey":"2018011014043086182276",
            "Instructions":{
               "NumberOfInstructions":"0"
            },
            "LineOverallTotals":{
               "LineTotal":"22.65",
               "ExtendedPrice":"18.00",
               "Tax":"1.85",
               "Discount":"0.00",
               "UnitPrice":"18.00",
               "Charges":"2.80"
            },
            "DeliveryMethod":"SHP"
         },
         {
            "LinePriceInfo":{
               "ListPrice":"18.00",
               "UnitPrice":"18.00",
               "RetailPrice":"18.00"
            },
            "LineCharges":{
               
            },
            "ItemDetails":{
               "ItemID":"16162661",
               "AdditionalAttributeList":{
                  "AdditionalAttribute":[
                     {
                        "Name":"Color",
                        "Value":"NO COLOR"
                     },
                     {
                        "Name":"Size",
                        "Value":"8.4 OZ."
                     }
                  ]
               },
               "ClassificationCodes":{
                  "Model":"0500016162687"
               },
               "PrimaryInformation":{
                  "ShortDescription":"Blue Astringent Herbal Lotion",
                  "ManufacturerName":"Kiehl's Since 1851",
                  "ImageID":"3700194721602_main",
                  "ImageLocation":"http://s7d9.scene7.com/is/image/LordandTaylor/"
               }
            },
            "Extn":{
               "ExtnSignatureRequired":"N"
            },
            "OrderedQty":"1",
            "OrderStatuses":{
               "OrderStatus":[
                  {
                     "TotalQuantity":"1",
                     "Status":"1100",
                     "OrderHeaderKey":"2018011014043086182267",
                     "StatusDate":"2018-01-10T14:04:31-05:00",
                     "Details":{
                        "ExpectedDeliveryDate":"2018-01-10T14:04:31-05:00"
                     },
                     "StatusDescription":"Created",
                     "StatusQty":"1"
                  }
               ]
            },
            "PersonInfoShipTo":{
               "State":"IL",
               "FirstName":"Aish",
               "LastName":"Rai",
               "Country":"US",
               "ZipCode":"60077",
               "AddressLine1":"4847 Old Orchard Center",
               "City":"Skokie",
               "AddressLine2":"",
               "AddressLine3":""
            },
            "LineTaxes":{
               "LineTax":[
                  {
                     "ChargeName":"PRICE",
                     "ChargeCategory":"PRICE",
                     "Tax":"1.12",
                     "TaxName":"General Sales and Use Tax"
                  }
               ]
            },
            "CarrierServiceCode":"StorePickUp",
            "Status":"Created",
            "Item":{
               "ItemID":"16162661"
            },
            "OrderLineKey":"2018011014043086182270",
            "Instructions":{
               "NumberOfInstructions":"0"
            },
            "LineOverallTotals":{
               "LineTotal":"19.12",
               "ExtendedPrice":"18.00",
               "Tax":"1.12",
               "Discount":"0.00",
               "UnitPrice":"18.00",
               "Charges":"0.00"
            },
            "DeliveryMethod":"PICK",
            "Shipnode":{
               "ShipNodePersonInfo":{
                  "DayPhone":"999-999-9999"
               },
               "Description":"6066 Old Orchard",
               "NodeType":"Store",
               "ShipNode":"6066"
            }
         },
         {
            "LinePriceInfo":{
               "ListPrice":"18.00",
               "UnitPrice":"18.00",
               "RetailPrice":"18.00"
            },
            "LineCharges":{
               
            },
            "ItemDetails":{
               "ItemID":"16162661",
               "AdditionalAttributeList":{
                  "AdditionalAttribute":[
                     {
                        "Name":"Color",
                        "Value":"NO COLOR"
                     },
                     {
                        "Name":"Size",
                        "Value":"8.4 OZ."
                     }
                  ]
               },
               "ClassificationCodes":{
                  "Model":"0500016162687"
               },
               "PrimaryInformation":{
                  "ShortDescription":"Blue Astringent Herbal Lotion",
                  "ManufacturerName":"Kiehl's Since 1851",
                  "ImageID":"3700194721602_main",
                  "ImageLocation":"http://s7d9.scene7.com/is/image/LordandTaylor/"
               }
            },
            "Extn":{
               "ExtnSignatureRequired":"N"
            },
            "OrderedQty":"1",
            "OrderStatuses":{
               "OrderStatus":[
                  {
                     "TotalQuantity":"1",
                     "Status":"1100",
                     "OrderHeaderKey":"2018011014043086182267",
                     "StatusDate":"2018-01-10T14:04:31-05:00",
                     "Details":{
                        "ExpectedDeliveryDate":"2018-01-10T14:04:31-05:00"
                     },
                     "StatusDescription":"Created",
                     "StatusQty":"1"
                  }
               ]
            },
            "PersonInfoShipTo":{
               "State":"MI",
               "FirstName":"Aish",
               "LastName":"Rai",
               "Country":"US",
               "ZipCode":"48313",
               "AddressLine1":"14250 Lakeside Circle",
               "City":"Sterling Heights",
               "AddressLine2":"",
               "AddressLine3":""
            },
            "LineTaxes":{
               "LineTax":[
                  {
                     "ChargeName":"PRICE",
                     "ChargeCategory":"PRICE",
                     "Tax":"1.08",
                     "TaxName":"General Sales and Use Tax"
                  }
               ]
            },
            "CarrierServiceCode":"StorePickUp",
            "Status":"Created",
            "Item":{
               "ItemID":"16162661"
            },
            "OrderLineKey":"2018011014043086182272",
            "Instructions":{
               "NumberOfInstructions":"0"
            },
            "LineOverallTotals":{
               "LineTotal":"19.08",
               "ExtendedPrice":"18.00",
               "Tax":"1.08",
               "Discount":"0.00",
               "UnitPrice":"18.00",
               "Charges":"0.00"
            },
            "DeliveryMethod":"PICK",
            "Shipnode":{
               "ShipNodePersonInfo":{
                  "DayPhone":"999-999-9999"
               },
               "Description":"6066 Old Orchard",
               "NodeType":"Store",
               "ShipNode":"6066"
            }
         },
         {
            "SCAC":"FEDX",
            "LinePriceInfo":{
               "ListPrice":"27.00",
               "UnitPrice":"27.00",
               "RetailPrice":"27.00"
            },
            "LineCharges":{
               "LineCharge":[
                  {
                     "ChargeAmount":"4.20",
                     "ChargeName":"SHIPPINGCHARGE",
                     "ChargeCategory":"SHIPPINGCHARGE",
                     "ChargePerUnit":"4.20",
                     "ChargePerLine":"0.00"
                  }
               ]
            },
            "ItemDetails":{
               "ItemID":"16162687",
               "AdditionalAttributeList":{
                  "AdditionalAttribute":[
                     {
                        "Name":"Color",
                        "Value":"NO COLOR"
                     },
                     {
                        "Name":"Size",
                        "Value":"16.9 OZ."
                     }
                  ]
               },
               "ClassificationCodes":{
                  "Model":"0500016162687"
               },
               "PrimaryInformation":{
                  "ShortDescription":"Blue Astringent Herbal Lotion",
                  "ManufacturerName":"Kiehl's Since 1851",
                  "ImageID":"3700194721619_main",
                  "ImageLocation":"http://s7d9.scene7.com/is/image/LordandTaylor/"
               }
            },
            "Extn":{
               "ExtnSignatureRequired":"N"
            },
            "OrderedQty":"1",
            "OrderStatuses":{
               "OrderStatus":[
                  {
                     "TotalQuantity":"1",
                     "Status":"1100",
                     "OrderHeaderKey":"2018011014043086182267",
                     "StatusDate":"2018-01-10T14:04:31-05:00",
                     "Details":{
                        "ExpectedDeliveryDate":"2018-01-10T14:04:31-05:00"
                     },
                     "StatusDescription":"Created",
                     "StatusQty":"1"
                  }
               ]
            },
            "PersonInfoShipTo":{
               "State":"NY",
               "FirstName":"Aish",
               "LastName":"Rai",
               "Country":"US",
               "ZipCode":"10017",
               "AddressLine1":"12 East 49th Street",
               "City":"New York",
               "AddressLine2":"",
               "AddressLine3":""
            },
            "LineTaxes":{
               "LineTax":[
                  {
                     "ChargeName":"PRICE",
                     "ChargeCategory":"PRICE",
                     "Tax":"2.39",
                     "TaxName":"General Sales and Use Tax"
                  },
                  {
                     "ChargeName":"SHIPPINGCHARGE",
                     "ChargeCategory":"SHIPPINGCHARGE",
                     "Tax":"0.38",
                     "TaxName":"General Sales and Use Tax"
                  }
               ]
            },
            "CarrierServiceCode":"ShopRunner",
            "Status":"Created",
            "Item":{
               "ItemID":"16162687"
            },
            "OrderLineKey":"2018011014043086182274",
            "Instructions":{
               "NumberOfInstructions":"0"
            },
            "LineOverallTotals":{
               "LineTotal":"33.97",
               "ExtendedPrice":"27.00",
               "Tax":"2.77",
               "Discount":"0.00",
               "UnitPrice":"27.00",
               "Charges":"4.20"
            },
            "DeliveryMethod":"SHP"
         },
         {
            "LinePriceInfo":{
               "ListPrice":"27.00",
               "UnitPrice":"27.00",
               "RetailPrice":"27.00"
            },
            "LineCharges":{
               
            },
            "ItemDetails":{
               "ItemID":"16162687",
               "AdditionalAttributeList":{
                  "AdditionalAttribute":[
                     {
                        "Name":"Color",
                        "Value":"NO COLOR"
                     },
                     {
                        "Name":"Size",
                        "Value":"16.9 OZ."
                     }
                  ]
               },
               "ClassificationCodes":{
                  "Model":"0500016162687"
               },
               "PrimaryInformation":{
                  "ShortDescription":"Blue Astringent Herbal Lotion",
                  "ManufacturerName":"Kiehl's Since 1851",
                  "ImageID":"3700194721619_main",
                  "ImageLocation":"http://s7d9.scene7.com/is/image/LordandTaylor/"
               }
            },
            "Extn":{
               "ExtnSignatureRequired":"N"
            },
            "OrderedQty":"1",
            "OrderStatuses":{
               "OrderStatus":[
                  {
                     "TotalQuantity":"1",
                     "Status":"1100",
                     "OrderHeaderKey":"2018011014043086182267",
                     "StatusDate":"2018-01-10T14:04:31-05:00",
                     "Details":{
                        "ExpectedDeliveryDate":"2018-01-10T14:04:31-05:00"
                     },
                     "StatusDescription":"Created",
                     "StatusQty":"1"
                  }
               ]
            },
            "PersonInfoShipTo":{
               "State":"IL",
               "FirstName":"Aish",
               "LastName":"Rai",
               "Country":"US",
               "ZipCode":"60077",
               "AddressLine1":"4847 Old Orchard Center",
               "City":"Skokie",
               "AddressLine2":"",
               "AddressLine3":""
            },
            "LineTaxes":{
               "LineTax":[
                  {
                     "ChargeName":"PRICE",
                     "ChargeCategory":"PRICE",
                     "Tax":"1.69",
                     "TaxName":"General Sales and Use Tax"
                  }
               ]
            },
            "CarrierServiceCode":"StorePickUp",
            "Status":"Created",
            "Item":{
               "ItemID":"16162687"
            },
            "OrderLineKey":"2018011014043086182268",
            "Instructions":{
               "NumberOfInstructions":"0"
            },
            "LineOverallTotals":{
               "LineTotal":"28.69",
               "ExtendedPrice":"27.00",
               "Tax":"1.69",
               "Discount":"0.00",
               "UnitPrice":"27.00",
               "Charges":"0.00"
            },
            "DeliveryMethod":"PICK",
            "Shipnode":{
               "ShipNodePersonInfo":{
                  "DayPhone":"999-999-9999"
               },
               "Description":"6066 Old Orchard",
               "NodeType":"Store",
               "ShipNode":"6066"
            }
         }
      ]
   },
   "PersonInfoBillTo":{
      "AlternateEmailID":"",
      "EMailID":"slim@slarmusch.com",
      "LastName":"Franz",
      "Country":"US",
      "DayPhone":"408-535-1413",
      "ZipCode":"10019",
      "Title":"",
      "City":"new york",
      "EveningFaxNo":"",
      "MiddleName":"",
      "DayFaxNo":"",
      "State":"NY",
      "FirstName":"hbcoccc",
      "EveningPhone":"408-535-1413",
      "AddressLine1":"123 main st",
      "AddressLine2":"",
      "AddressLine3":""
   },
   "DocumentType":"0001",
   "HeaderCharges":{
      
   }
}