<?xml version="1.0" encoding="UTF-8"?>

<mule xmlns:ee="http://www.mulesoft.org/schema/mule/ee/core"
	xmlns:http="http://www.mulesoft.org/schema/mule/http" xmlns="http://www.mulesoft.org/schema/mule/core"
	xmlns:doc="http://www.mulesoft.org/schema/mule/documentation"
	xmlns:xsi="http://www.w3.org/2001/XMLSchema-instance" xsi:schemaLocation="
http://www.mulesoft.org/schema/mule/ee/core http://www.mulesoft.org/schema/mule/ee/core/current/mule-ee.xsd http://www.mulesoft.org/schema/mule/core http://www.mulesoft.org/schema/mule/core/current/mule.xsd
http://www.mulesoft.org/schema/mule/http http://www.mulesoft.org/schema/mule/http/current/mule-http.xsd">
	<sub-flow name="bay-omoc-sys-inventory-lookup-impl" doc:id="702acd2b-9053-4153-a2dc-d2b893cb03b3" >
		<logger level="INFO" doc:name="Entery Logger" doc:id="f0ae8cdb-9123-4c59-8387-c80505b9deb9" message="Enter Inventory Lookup Service"/>
		<http:request method="POST" doc:name="HBCInventoryLookUp Request" doc:id="3421a599-b608-464a-aa6d-b696ca0ff8bb" config-ref="HTTP_Request_configuration_omoc" path="${oms.orderManagement.endpoints.inventoryLookUp}"/>
		<logger level="INFO" doc:name="End Logger" doc:id="8fdd47ac-625a-43de-9ae4-f691724d9a54" message="End Inventory Lookup Service"/>
	</sub-flow>
	<sub-flow name="bay-omoc-sys-inventory-reservation-impl" doc:id="a5e769d4-5b35-434c-a11e-9370748f9f6b" >
		<logger level="INFO" doc:name="Entery Logger" doc:id="190a2b49-ad51-463f-9ab4-425d3e1fec41" message="Enter Inventory Lookup Service - HBCReserveInventory" />
		<http:request method="POST" doc:name="HBCReserveInventory Request" doc:id="8f2c3efd-cbf3-4e1d-8481-2e7d3bef3aec" config-ref="HTTP_Request_configuration_omoc" path="${oms.orderManagement.endpoints.reserveInventory}" />
		<logger level="INFO" doc:name="End Logger" doc:id="7cec704b-1172-4fe4-9e51-20291fbde6fb" message="End Inventory Lookup Service - HBCReserveInventory" />
	</sub-flow>
	<sub-flow name="bay-omoc-sys-order-details-impl" doc:id="c2f50ed6-6e1c-4394-a108-7828f37d774f" >
		<logger level="INFO" doc:name="Entery Logger" doc:id="f7cdceaa-ef81-445e-9ed2-2142b11c5622" message="Enter Order Details Service - HBCGetOrderDetailsService" />
		<http:request method="POST" doc:name="HBCGetOrderDetailsWS Request" doc:id="5453d520-d2a8-4ccb-8fc9-0f971d294a9b" config-ref="HTTP_Request_configuration_omoc" path="${oms.orderManagement.endpoints.orderDetails}" />
		<logger level="INFO" doc:name="End Logger" doc:id="2f1c017a-b23c-4a1d-a5b4-2a643bee0ffc" message="End Order Details Service - HBCGetOrderDetailsService" />
	</sub-flow>
	<sub-flow name="bay-omoc-sys-order-list-impl" doc:id="9775a1b5-84e8-49ae-a6aa-ec703d76045c" >
		<logger level="INFO" doc:name="Entry Logger" doc:id="1fe121ff-8670-454a-8e27-21a84e7f4519" message="Start Order List Service - HBCGetOrderListWS - POST /order/list" />
		<http:request method="POST" doc:name="HBCGetOrderListWS Request" doc:id="88739b39-1d4e-4141-a91f-7741b9648263" config-ref="HTTP_Request_configuration_omoc" path="${oms.orderManagement.endpoints.orderList}" />
		<logger level="INFO" doc:name="End Logger" doc:id="2c983cbd-c82e-4ba4-948f-a2257a6caf02" message="End Order List Service - HBCGetOrderListWS - POST /order/list" />
	</sub-flow>
	<sub-flow name="bay-omoc-sys-order-item-history-impl" doc:id="be5c9414-0bb8-4aad-8ab5-b359c7c3f8a3" >
		<logger level="INFO" doc:name="Entry Logger" doc:id="d0a597dc-7988-4507-9ac9-5564cab5812a" message="Enter Order Item History" />
		<http:request method="POST" doc:name="HBCGetLineStatusHistoryWS Request" doc:id="3634bc88-925b-44b9-bd1f-83037146b9fa" config-ref="HTTP_Request_configuration_omoc" path="${oms.orderManagement.endpoints.orderItemHistory}" />
		<logger level="INFO" doc:name="Copy_of_End Logger" doc:id="d872588e-0271-45d0-bfd7-a3a294c67985" message="End Order Item History" />
	</sub-flow>
	<sub-flow name="bay-omoc-sys-order-cancel-impl" doc:id="61321834-7735-4b75-a071-cf276a4d2cf5" >
		<logger level="INFO" doc:name="Entry Logger" doc:id="f95adc21-919b-4f2a-bcd5-90ddb4b7a9c4" message="Enter Order Cancel" />
		<http:request method="POST" doc:name="HBCChangeOrderWS Request" doc:id="353aa3a6-4935-46d8-b5e6-f1319d07aea6" config-ref="HTTP_Request_configuration_omoc" path="${oms.orderManagement.endpoints.orderCancel}" />
		<logger level="INFO" doc:name="End Logger" doc:id="bfdbcbd6-3c89-46c1-b019-91f72231d1e1" message="End Order Cancel" />
	</sub-flow>
	<sub-flow name="bay-omoc-sys-order-update-impl" doc:id="6a73e389-4619-46c6-924f-e3ec81ee912c" >
		<logger level="INFO" doc:name="Entry Logger" doc:id="fef48168-0693-41fe-8856-cd8a05f3fa7a" message="Enter Order Update" />
		<http:request method="POST" doc:name="HBCChangeOrderWS Request" doc:id="bfc9f1be-655a-49ef-b736-0b96c7ca0552" config-ref="HTTP_Request_configuration_omoc" path="${oms.orderManagement.endpoints.orderUpdate}" />
		<logger level="INFO" doc:name="End Logger" doc:id="e6b6976f-5da3-41ca-b2a7-15cb9f90bc9f" message="End Order Update" />
	</sub-flow>
	<sub-flow name="bay-omoc-sys-purchase-order-list-impl" doc:id="c82615c3-85b8-4c4f-a88a-e3a0ae8c428d" >
		<logger level="INFO" doc:name="Entry Logger" doc:id="9e0b6d72-59c6-4509-8afe-0524d85f95b5" message="Enter Purchase Order List" />
		<http:request method="POST" doc:name="HBCGetPurchaseOrderListWS Request" doc:id="f2bae6bc-d09e-447c-a277-dc9bb9110fb6" config-ref="HTTP_Request_configuration_omoc" path="${oms.orderManagement.endpoints.orderPurchaseOrderList}" />
		<logger level="INFO" doc:name="End Logger" doc:id="4090b755-6915-4ad4-8155-669486916522" message="End Purchase Order List" />
	</sub-flow>
	<sub-flow name="bay-omoc-sys-bopis-cancel-impl" doc:id="a49b25f7-4ead-408d-8a4e-0abaed7855ef" >
		<logger level="INFO" doc:name="Entry Logger" doc:id="81be1ffd-1c9f-49f3-bdcf-22b282f19210" message="Enter Bopis Cancel" />
		<http:request method="POST" doc:name="HBCCancelPickUpWS Request" doc:id="31467825-ac51-4141-9c0b-6dc444798e5f" config-ref="HTTP_Request_configuration_omoc" path="${oms.orderManagement.endpoints.orderBopisCancel}" />
		<logger level="INFO" doc:name="End Logger" doc:id="bffbf91b-0d45-4a70-ae05-1e6205bd0083" message="End Bopis Cancel" />
	</sub-flow>
	<sub-flow name="bay-omoc-sys-get-order-no-impl" doc:id="7eb44b99-cdc4-457f-b8ef-dfc772c7e921" >
		<logger level="INFO" doc:name="Entry Logger" doc:id="1902d428-c81a-40ee-99c1-9c49981482b6" message="Enter Get Order No" />
		<http:request method="POST" doc:name="HBCGetOrderNo Request" doc:id="92976109-e9cf-4455-85ee-76a7b17b48ca" config-ref="HTTP_Request_configuration_omoc" path="${oms.orderManagement.endpoints.getOrderNo}" />
		<logger level="INFO" doc:name="End Logger" doc:id="262fa68b-0933-4d71-b010-345f04576e92" message="End Bopis Cancel" />
	</sub-flow>
	<sub-flow name="bay-omoc-sys-api-get-IVR-orders-list-impl" doc:id="c020bbce-c859-496c-ba61-5baffa2ddd3a" >
		<logger level="INFO" doc:name="Entry Logger" doc:id="7d8e6262-670d-49ac-ba90-f09fe5bae06c" message="Enter IVR get order list" />
		<ee:transform doc:name="Transform Query Parameters into JSON Payload body for IVR" doc:id="9394e768-6f9c-4977-b3df-5425977e27f0" >
			<ee:message >
				<ee:set-payload ><![CDATA[%dw 2.0
output application/json
import * from dw::core::Strings
---
{ 
	Order: {
    	EnterpriseCode: trim(attributes.queryParams.enterpriseCode),
    	DraftOrderFlag: trim(attributes.queryParams.draftOrderFlag),
		MaximumRecords: attributes.queryParams.maxRecords as String,
        DocumentType: attributes.queryParams.DocumentType as String default p('ivr.orderListDefaultProperties.defaultDocumentType'),
        Language: lower(trim(attributes.queryParams.language)),
        SearchByPhoneNo: attributes.queryParams.SearchByPhoneNo as String default p('ivr.orderListDefaultProperties.defaultSearchByPhoneNo'),
        ValidateOrder: attributes.queryParams.ValidateOrder as String default p('ivr.orderListDefaultProperties.defaultValidateOrder'),
        OrderBy: {
            Attribute: {
                Name: p('ivr.orderListDefaultProperties.defaultOrderByName'),  //"OrderDate",
                Desc: p('ivr.orderListDefaultProperties.defaultOrderDesc')   //   "Y"
            }
        },
        ComplexQuery: {
            Operator: p('ivr.orderListDefaultProperties.defaultComplexQueryOperator'), //"AND",
            Or: [
                {
                    Exp: {
                        Name: p('ivr.orderListDefaultProperties.defaultComplexQryExpName'), //"CustomerPhoneNo",
                        QryType: p('ivr.orderListDefaultProperties.defaultComplexQryExpQryType'), //"EQ",
                        Value: attributes.queryParams.phoneNo
                    }
                },
                {
                    Exp: {
                        Name: p('ivr.orderListDefaultProperties.defaultComplexQryExpName'), //"CustomerPhoneNo",
                        QryType: p('ivr.orderListDefaultProperties.defaultComplexQryExpQryType'), //"EQ",
                        Value: substring(attributes.queryParams.phoneNo as String,0,3) default "" ++ "-" ++ substring(attributes.queryParams.phoneNo as String,3,6) default ""++"-" ++ substring(attributes.queryParams.phoneNo as String,6,10) default "",
                    }
                }
            ]
        }
	}
}

        ]]></ee:set-payload>
			</ee:message>
		</ee:transform>
		<http:request method="POST" doc:name="HBCIVROrderList Request" doc:id="d278b0f5-3e0e-48ca-98ff-747f3cd9e6b0" config-ref="HTTP_Request_configuration_omoc" path="/HBCIVROrderInquiryService" />
		<logger level="INFO" doc:name="End Logger" doc:id="6d1d7bf7-7761-4762-bf94-ace0d0278a92" message="End IVR Order List" />
	</sub-flow>
	<sub-flow name="bay-omoc-sys-api-get-IVR-order-details-impl" doc:id="83fc5582-89f5-44b4-905d-1164ba3085d4" >
		<logger level="INFO" doc:name="Entry Logger" doc:id="c8a42db1-2e3a-4c29-8365-166d59a269d6" message="Enter IVR get order details" />
		<ee:transform doc:name="Transform Query Parameters into JSON Payload body for IVR" doc:id="5df958d0-d167-45d8-849a-a30faeb7691c" >
			<ee:message >
				<ee:set-payload ><![CDATA[%dw 2.0
output application/json
import * from dw::core::Strings
---
{ 
	Order: {
		OrderNo: attributes.queryParams.orderNo,
    	EnterpriseCode: trim(attributes.queryParams.enterpriseCode),
    	DraftOrderFlag: trim(attributes.queryParams.draftOrderFlag),
		Language: lower(trim(attributes.queryParams.language)),
		ValidateOrder: attributes.queryParams.ValidateOrder
	}
}]]></ee:set-payload>
			</ee:message>
		</ee:transform>
		<http:request method="POST" doc:name="HBCIVROrderDetails Request" doc:id="75de09a3-512e-4a61-823f-6300b7eb4949" config-ref="HTTP_Request_configuration_omoc" path="/HBCIVROrderInquiryService" />
		<logger level="INFO" doc:name="End Logger" doc:id="f58771e3-517d-4e25-a644-9691bd4343da" message="End IVR Order details" />
	</sub-flow>
</mule>
