<?xml version="1.0" encoding="UTF-8"?>
<mule xmlns="http://www.mulesoft.org/schema/mule/core" xmlns:apikit="http://www.mulesoft.org/schema/mule/mule-apikit" xmlns:doc="http://www.mulesoft.org/schema/mule/documentation" xmlns:ee="http://www.mulesoft.org/schema/mule/ee/core" xmlns:http="http://www.mulesoft.org/schema/mule/http" xmlns:xsi="http://www.w3.org/2001/XMLSchema-instance" xsi:schemaLocation="http://www.mulesoft.org/schema/mule/core http://www.mulesoft.org/schema/mule/core/current/mule.xsd http://www.mulesoft.org/schema/mule/http http://www.mulesoft.org/schema/mule/http/current/mule-http.xsd http://www.mulesoft.org/schema/mule/mule-apikit http://www.mulesoft.org/schema/mule/mule-apikit/current/mule-apikit.xsd http://www.mulesoft.org/schema/mule/ee/core http://www.mulesoft.org/schema/mule/ee/core/current/mule-ee.xsd ">
    <http:listener-config name="bay-omoc-sys-api-httpListenerConfig">
        <http:listener-connection host="0.0.0.0" port="${http.port}" />
        <http:listener-interceptors>
            <http:cors-interceptor>
                <http:origins>
                    <http:public-resource />
                </http:origins>
            </http:cors-interceptor>
        </http:listener-interceptors>
    </http:listener-config>
    <apikit:config name="bay-omoc-sys-api-config" api="bay-omoc-sys-api.raml" outboundHeadersMapName="outboundHeaders" httpStatusVarName="httpStatus" disableValidations="true" />
    <flow name="bay-omoc-sys-api-main">
        <http:listener config-ref="bay-omoc-sys-api-httpListenerConfig" path="${http.basepath}">
            <http:response statusCode="#[vars.httpStatus default 200]">
                <http:headers><![CDATA[#[vars.outboundHeaders default {}]]]></http:headers>
            </http:response>
            <http:error-response statusCode="#[vars.httpStatus default 500]">
                <http:body><![CDATA[#[payload]]]></http:body>
                <http:headers><![CDATA[#[vars.outboundHeaders default {}]]]></http:headers>
            </http:error-response>
        </http:listener>
        <apikit:router config-ref="bay-omoc-sys-api-config" />
    </flow>
    <flow name="bay-omoc-sys-api-console">
        <http:listener config-ref="bay-omoc-sys-api-httpListenerConfig" path="/console/*">
            <http:response statusCode="#[vars.httpStatus default 200]">
                <http:headers>#[vars.outboundHeaders default {}]</http:headers>
            </http:response>
            <http:error-response statusCode="#[vars.httpStatus default 500]">
                <http:body>#[payload]</http:body>
                <http:headers>#[vars.outboundHeaders default {}]</http:headers>
            </http:error-response>
        </http:listener>
        <apikit:console config-ref="bay-omoc-sys-api-config" />
        <error-handler>
            <on-error-propagate type="APIKIT:NOT_FOUND">
                <ee:transform>
                    <ee:message>
                        <ee:set-payload><![CDATA[%dw 2.0
output application/json
---
{message: "Resource not found"}]]></ee:set-payload>
                    </ee:message>
                    <ee:variables>
                        <ee:set-variable variableName="httpStatus">404</ee:set-variable>
                    </ee:variables>
                </ee:transform>
            </on-error-propagate>
        </error-handler>
    </flow>
    <flow name="put:\orders\update:application\json:bay-omoc-sys-api-config">
        <flow-ref doc:name="Call Order Update Impl" doc:id="49a80541-f12a-41f1-aa2a-737bf8e7ac88" name="bay-omoc-sys-order-update-impl" />
    </flow>
    <flow name="get:\healthcheck:bay-omoc-sys-api-config">
        <logger level="INFO" message="get:\healthcheck:bay-omoc-sys-api-config - Healthcheck - OK" />
    </flow>
    <flow name="post:\inventory\lookup:application\json:bay-omoc-sys-api-config">
        <flow-ref doc:name="Call Inventory Lookup Impl" doc:id="8fac9654-655b-457a-bacd-fa3f7c096198" name="bay-omoc-sys-inventory-lookup-impl" />
    </flow>
    <flow name="post:\inventory\reserve:application\json:bay-omoc-sys-api-config">
        <flow-ref doc:name="Call Inventory Reservation impl" doc:id="aa40edef-9413-4985-b0a4-2ff4f66e0136" name="bay-omoc-sys-inventory-reservation-impl" />
    </flow>
    <flow name="post:\orders\bopiscancel:application\json:bay-omoc-sys-api-config">
        <flow-ref doc:name="Call Bopis Cancel impl" doc:id="f3e2a881-754f-4fa0-af33-bf7d6056bbb4" name="bay-omoc-sys-bopis-cancel-impl" />
    </flow>
    <flow name="post:\orders\cancel:application\json:bay-omoc-sys-api-config">
        <flow-ref doc:name="Call Order Cancel impl" doc:id="c9e50e2b-0108-43d5-98cc-a7a85dc33e7d" name="bay-omoc-sys-order-cancel-impl" />
    </flow>
    <flow name="post:\orders\capturepayment:application\json:bay-omoc-sys-api-config">
        <logger level="INFO" doc:name="Logger" doc:id="ee952cab-0885-43dd-a98b-dcfbf6dca9a2" />
    </flow>
    <flow name="post:\orders\details:application\json:bay-omoc-sys-api-config">
        <flow-ref doc:name="Call Order Details Service Impl" doc:id="ca41bd98-e120-4536-97ab-934b16d84dc1" name="bay-omoc-sys-order-details-impl" />
    </flow>
    <flow name="post:\orders\history:application\json:bay-omoc-sys-api-config">
        <flow-ref doc:name="Call Order Item History Impl" doc:id="7687461c-8560-4af6-8330-b43ba487eb88" name="bay-omoc-sys-order-item-history-impl" />
    </flow>
    <flow name="post:\orders\list:application\json:bay-omoc-sys-api-config">
        <flow-ref doc:name="Call Order List Impl" doc:id="87ea0144-a8e3-408d-92ac-d4a43de0a422" name="bay-omoc-sys-order-list-impl" />
    </flow>
    <flow name="post:\orders\purchaseorderlist:application\json:bay-omoc-sys-api-config">
        <flow-ref doc:name="Call Purchase Order List Impl" doc:id="3d07c896-207f-43da-a2aa-0a34df69f0bf" name="bay-omoc-sys-purchase-order-list-impl" />
    </flow>
    <flow name="post:\orders\getorderno:application\json:bay-omoc-sys-api-config">
        <flow-ref doc:name="Call Get Order No Impl" doc:id="658ca931-f758-482d-83f5-7357f78f0a22" name="bay-omoc-sys-get-order-no-impl" />
    </flow>
    <flow name="get:\ivr\order-details:bay-omoc-sys-api-config">
		<flow-ref doc:name="bay-omoc-sys-api-get-IVR-order-details-impl" doc:id="5b5d5712-50fc-41e3-ad68-d09c084e615a" name="bay-omoc-sys-api-get-IVR-order-details-impl" />
    </flow>
     <flow name="get:\ivr\orders-list:bay-omoc-sys-api-config">
        <flow-ref doc:name="bay-omoc-sys-api-get-IVR-orders-list-impl" doc:id="c63e5577-0c8c-439d-98df-4cb5bc76c4a9" name="bay-omoc-sys-api-get-IVR-orders-list-impl"/>
    </flow>
</mule>
