<?xml version="1.0" encoding="UTF-8"?>

<mule xmlns:tls="http://www.mulesoft.org/schema/mule/tls"
	xmlns:oauth="http://www.mulesoft.org/schema/mule/oauth"
	xmlns:http="http://www.mulesoft.org/schema/mule/http" xmlns="http://www.mulesoft.org/schema/mule/core"
	xmlns:doc="http://www.mulesoft.org/schema/mule/documentation"
	xmlns:xsi="http://www.w3.org/2001/XMLSchema-instance" xsi:schemaLocation="
http://www.mulesoft.org/schema/mule/tls http://www.mulesoft.org/schema/mule/tls/current/mule-tls.xsd 
http://www.mulesoft.org/schema/mule/http http://www.mulesoft.org/schema/mule/http/current/mule-http.xsd http://www.mulesoft.org/schema/mule/core http://www.mulesoft.org/schema/mule/core/current/mule.xsd
http://www.mulesoft.org/schema/mule/oauth http://www.mulesoft.org/schema/mule/oauth/current/mule-oauth.xsd">
	<configuration-properties doc:name="Configuration properties" doc:id="6163a577-1ff5-4e10-b795-68406358fa94" file="config/bay-omoc-sys-api-${env}.yaml" />
	<http:request-config name="HTTP_Request_configuration_omoc" doc:name="HTTP Request configuration" doc:id="092e2219-7a17-486a-91bf-fe6683f86141" basePath="${oms.orderManagement.basepath}">
		<http:request-connection host="${oms.orderManagement.host}" protocol="HTTPS" port="${oms.orderManagement.port}" connectionIdleTimeout="${oms.orderManagement.timeout}" tlsContext="TLS_Context">
			<http:authentication >
				<oauth:client-credentials-grant-type clientId="${oms.orderManagement.auth.clientId}" clientSecret="${oms.orderManagement.auth.clientSecret}" scopes="${oms.orderManagement.auth.scope}" tokenUrl="${oms.orderManagement.auth.url}"/>

			</http:authentication>
		</http:request-connection>
		<http:default-headers >
			<http:default-header key="Content-Type" value="application/json" />
		</http:default-headers>
	</http:request-config>
	<tls:context name="TLS_Context" doc:name="TLS Context" doc:id="da80ccda-5f5a-47e7-83b2-88723143dd72" >
		<tls:trust-store path="cert/oms-truststore.jks" password="mwbayqa1" type="jks" />
		<tls:key-store type="jks" path="cert/oms-keystore.jks	" alias="	" keyPassword="mwbayqa1" password="mwbayqa1" />
	</tls:context>
	<import doc:name="Import" doc:id="9b706679-dbdf-40ff-86e5-d1df0621679e" file="common-exception-handling.xml" />
</mule>
