<?xml version="1.0" encoding="UTF-8"?>

<mule xmlns:ee="http://www.mulesoft.org/schema/mule/ee/core"
	xmlns:json-logger="http://www.mulesoft.org/schema/mule/json-logger"
	xmlns:dw="http://www.mulesoft.org/schema/mule/ee/dw"
	xmlns="http://www.mulesoft.org/schema/mule/core"
	xmlns:doc="http://www.mulesoft.org/schema/mule/documentation"
	xmlns:xsi="http://www.w3.org/2001/XMLSchema-instance"
	xsi:schemaLocation="
http://www.mulesoft.org/schema/mule/ee/core http://www.mulesoft.org/schema/mule/ee/core/current/mule-ee.xsd http://www.mulesoft.org/schema/mule/ee/dw http://www.mulesoft.org/schema/mule/ee/dw/current/dw.xsd
http://www.mulesoft.org/schema/mule/core http://www.mulesoft.org/schema/mule/core/current/mule.xsd
http://www.mulesoft.org/schema/mule/json-logger http://www.mulesoft.org/schema/mule/json-logger/current/mule-json-logger.xsd">


	<configuration doc:name="Configuration" defaultErrorHandler-ref="common-exception-handling" />


	<!-- Used different error expressions to select the relevant error in our custom error response body -->
	<!-- For more information about selecting different error expressions, please go to:
			https://docs.mulesoft.com/mule-runtime/4.3/mule-error-concept -->
	<error-handler name="common-exception-handling">
		<on-error-continue enableNotifications="true" logException="true" doc:name="On Error Continue - APIKIT CALLS (USER CALLS)"
			when='#[error.errorType.namespace == "APIKIT"]'>
			<logger level="INFO" doc:name="Logger" doc:id="68f63b81-f31e-4b76-8c6b-c1f815c6072a" message="APIKIT Related Errors found"/>
			<set-variable value="#[error]" doc:name="STORE ERROR IN VARIABLE" variableName="error" />
			<ee:transform doc:name="TRANSFORM APIKIT ERROR">
				<ee:message>
					<ee:set-payload resource="dw/errors/apikit-error-response-body.dwl" />
				</ee:message>
				<ee:variables>
					<ee:set-variable resource="dw/errors/apikit-error-response-status.dwl" variableName="httpStatus" />
				</ee:variables>
			</ee:transform>
			<set-variable value="#[payload.errorCode]" doc:name="Set HTTP Status Code" doc:id="f0dd2c7f-9701-4662-871b-b954e29599ff" variableName="httpStatus"/>
		
</on-error-continue>

		<on-error-continue enableNotifications="true" logException="true" doc:name="On Error Continue - JSON SCHEMA OR OTHER VALIDATION ERRORS"
			when='#[error.errorType.namespace == "JSON" or error.errorType.namespace == "VALIDATION"]'>
			<logger level="INFO" doc:name="Logger" doc:id="2f83bc86-b5c0-486f-886d-7813508f494d" message=" JSON SCHEMA OR OTHER VALIDATION ERRORS Found"/>
			<set-variable value="#[error]" doc:name="STORE ERROR IN VARIABLE" variableName="error" />
			<ee:transform doc:name="TRANSFORM VALIDATION ERROR">
				<ee:message >
					<ee:set-payload resource="dw/errors/validation-error-response-body.dwl" />
				</ee:message>
				<ee:variables >
					<ee:set-variable resource="dw/errors/validation-error-response-status.dwl" variableName="httpStatus" />
				</ee:variables>
			</ee:transform>
			
			<set-variable value="#[payload.errorCode]" doc:name="Set HTTP Status Code" doc:id="35624115-7d56-4a94-ad3a-f344a6e173b6" variableName="httpStatus"/>
	
		
</on-error-continue>

		<on-error-continue enableNotifications="true" logException="true" doc:name="On Error Continue - MULE DATAWEAVE ERRORS OR OTHER EXPRESSION ERRORS"
			when='#[error.errorType.namespace == "MULE" and error.errorType.identifier == "EXPRESSION"]'>
			<logger level="INFO" doc:name="Logger" doc:id="433b0015-fc1f-47e5-b135-0e13523e88a4" message="MULE DATAWEAVE ERRORS OR OTHER EXPRESSION ERRORS found"/>
			<set-variable value="#[error]" doc:name="STORE ERROR IN VARIABLE" variableName="error" />
			<ee:transform doc:name="TRANSFORM EXPRESSION ERROR">
				<ee:message>
					<ee:set-payload resource="dw/errors/expression-error-response-body.dwl" />
				</ee:message>
				<ee:variables>
					<ee:set-variable resource="dw/errors/expression-error-response-status.dwl" variableName="httpStatus" />
				</ee:variables>
			</ee:transform>
			<set-variable value="#[payload.errorCode]" doc:name="Set HTTP Status Code" doc:id="01718889-eef5-4420-ae41-c77b867a2015" variableName="httpStatus"/>
	
		</on-error-continue>

		<on-error-continue enableNotifications="true" logException="true" doc:name="On Error Continue - CUSTOM ERRORS"
			when='#[error.errorType.namespace == "CUSTOM"]'>
			<logger level="INFO" doc:name="Logger" doc:id="2327c12a-d1ef-4984-83ac-cc2f691abd9b" message="CUSTOM ERRORS Found"/>
			<set-variable value="#[error]" doc:name="STORE ERROR IN VARIABLE" variableName="error" />
			<ee:transform doc:name="TRANSFORM CUSTOM ARM ERROR">
				<ee:message >
					<ee:set-payload resource="dw/errors/custom-error-response-body.dwl" />
				</ee:message>
				<ee:variables >
					<ee:set-variable resource="dw/errors/custom-error-response-status.dwl" variableName="httpStatus" />
				</ee:variables>
			</ee:transform>
			<set-variable value="#[payload.errorCode]" doc:name="Set HTTP Status Code" doc:id="d07e1099-a399-4773-8548-32d5ca49b272" variableName="httpStatus"/>
	
		</on-error-continue>
		
		<on-error-continue enableNotifications="true" logException="true" doc:name="On Error Continue - BACKEND Validation Error"
			when='#[error.errorType.namespace == "HTTP" and error.errorType.identifier == "BAD_REQUEST"]'>
			<logger level="INFO" doc:name="Logger" doc:id="fd18eb26-3cb0-4e91-b3ad-03018684dd08" message="BACKEND Related Validation Error Found"/>
			<set-variable value="#[error]" doc:name="STORE ERROR IN VARIABLE" variableName="error" />
			<set-variable value="#[%dw 2.0&#10;output application/json&#10;---&#10;&#10;error.muleMessage.payload]" doc:name="Set BackEnd Error Message" doc:id="8915a73d-7482-4a5d-9460-655db57cc07a" variableName="vErrorBackend"/>
			<ee:transform doc:name="TRANSFORM BACKEND ERROR">
				<ee:message>
					<ee:set-payload resource="dw/errors/backend-validation-error-response-body.dwl" />
				</ee:message>
				<ee:variables>
					<ee:set-variable resource="dw/errors/backend-error-response-status.dwl" variableName="httpStatus" />
				</ee:variables>
			</ee:transform>
			<set-variable value="#[payload.errorCode]" doc:name="Set HTTP Status Code" doc:id="644e038f-2928-445a-9eaf-c6f5c9be144e" variableName="httpStatus"/>
		
</on-error-continue>

		<on-error-continue enableNotifications="true" logException="true" doc:name="On Error Continue - BACKEND CALLS"
			when='#[error.errorType.namespace == "HTTP" or error.exception.errorMessage.typedValue? or error.exception.errorMessage.typedAttributes?]'>
			<logger level="INFO" doc:name="Logger" doc:id="a5f48c55-7b51-4a72-8abd-a4d5c1674e85" message="BACKEND Related Error Found"/>
			<set-variable value="#[error]" doc:name="STORE ERROR IN VARIABLE" variableName="error" />
			<ee:transform doc:name="TRANSFORM BACKEND ERROR">
				<ee:message>
					<ee:set-payload resource="dw/errors/backend-error-response-body.dwl" />
				</ee:message>
				<ee:variables>
					<ee:set-variable resource="dw/errors/backend-error-response-status.dwl" variableName="httpStatus" />
				</ee:variables>
			</ee:transform>
			<set-variable value="#[payload.errorCode]" doc:name="Set HTTP Status Code" doc:id="26fe11e8-74eb-4dc9-89bd-335b797abeb2" variableName="httpStatus"/>
	
		</on-error-continue>
		
		

		<on-error-continue enableNotifications="true" logException="true" doc:name="On Error Continue - OTHER ERRORS" type="ANY">
			<logger level="INFO" doc:name="Logger" doc:id="c0c950d3-e6e8-4ba3-93e5-e983131db7ea" message="Unknown Error Found"/>
			<set-variable value="#[error]" doc:name="STORE ERROR IN VARIABLE" variableName="error" />
			<ee:transform doc:name="TRANSFORM OTHER ERRORS">
				<ee:message>
					<ee:set-payload resource="dw/errors/other-or-undefined-or-unknown-error-response-body.dwl" />
					</ee:message>
				<ee:variables>
					<ee:set-variable resource="dw/errors/other-or-undefined-or-unknown-error-response-status.dwl" variableName="httpStatus" />
				</ee:variables>
			</ee:transform>
			<set-variable value="#[payload.errorCode]" doc:name="Set HTTP Status Code" doc:id="a5650e75-3802-4fb8-a5e9-8a10af916e07" variableName="httpStatus"/>
	
		</on-error-continue>

	</error-handler>

</mule>